1,id,Gender,Customer Type,Age,Type of Travel,Class,Flight Distance,Inflight wifi service,Departure/Arrival time convenient,Ease of Online booking,Gate location,Food and drink,Online boarding,Seat comfort,Inflight entertainment,On-board service,Leg room service,Baggage handling,Checkin service,Inflight service,Cleanliness,Departure Delay in Minutes,Arrival Delay in Minutes,satisfaction
2,19556,Female,Loyal Customer,52,Business travel,Eco,160,5,4,3,4,3,4,3,5,5,5,5,2,5,5,50,44,satisfied
3,90035,Female,Loyal Customer,36,Business travel,Business,2863,1,1,3,1,5,4,5,4,4,4,4,3,4,5,0,0,satisfied
4,12360,Male,disloyal Customer,20,Business travel,Eco,192,2,0,2,4,2,2,2,2,4,1,3,2,2,2,0,0,neutral or dissatisfied
5,77959,Male,Loyal Customer,44,Business travel,Business,3377,0,0,0,2,3,4,4,1,1,1,1,3,1,4,0,6,satisfied
6,36875,Female,Loyal Customer,49,Business travel,Eco,1182,2,3,4,3,4,1,2,2,2,2,2,4,2,4,0,20,satisfied
7,39177,Male,Loyal Customer,16,Business travel,Eco,311,3,3,3,3,5,5,3,5,4,3,1,1,2,5,0,0,satisfied
8,79433,Female,Loyal Customer,77,Business travel,Business,3987,5,5,5,5,3,5,5,5,5,5,5,4,5,3,0,0,satisfied
9,97286,Female,Loyal Customer,43,Business travel,Business,2556,2,2,2,2,4,4,5,4,4,4,4,5,4,3,77,65,satisfied
10,27508,Male,Loyal Customer,47,Business travel,Eco,556,5,2,2,2,5,5,5,5,2,2,5,3,3,5,1,0,satisfied
11,62482,Female,Loyal Customer,46,Business travel,Business,1744,2,2,2,2,3,4,4,4,4,4,4,5,4,4,28,14,satisfied
12,47583,Female,Loyal Customer,47,Business travel,Eco,1235,4,1,1,1,5,1,5,3,3,4,3,1,3,4,29,19,satisfied
13,115550,Female,Loyal Customer,33,Business travel,Business,325,2,5,5,5,1,3,4,2,2,2,2,3,2,4,18,7,neutral or dissatisfied
14,119987,Female,Loyal Customer,46,Business travel,Business,1009,5,5,5,5,4,5,5,5,5,5,5,5,5,3,0,0,satisfied
15,42141,Female,Loyal Customer,60,Business travel,Business,451,1,1,4,1,5,5,4,5,5,5,5,3,5,5,117,113,satisfied
16,2274,Female,Loyal Customer,52,Business travel,Business,925,2,2,2,2,5,5,4,4,4,4,4,3,4,5,10,0,satisfied
17,22470,Male,Loyal Customer,50,Personal Travel,Eco,83,3,4,0,3,2,0,2,2,4,2,4,4,5,2,5,2,neutral or dissatisfied
18,124915,Female,Loyal Customer,31,Business travel,Eco,728,2,5,5,5,2,2,2,2,4,3,3,4,3,2,2,0,neutral or dissatisfied
19,17836,Male,Loyal Customer,52,Personal Travel,Eco Plus,1075,5,4,5,3,4,5,4,4,3,5,5,4,5,4,0,0,satisfied
20,76872,Female,Loyal Customer,43,Personal Travel,Eco,1927,3,4,3,1,4,4,5,5,5,3,5,4,5,3,0,0,neutral or dissatisfied
21,64287,Female,Loyal Customer,50,Business travel,Business,3799,5,5,5,5,4,5,4,4,4,5,4,5,4,5,8,0,satisfied
22,63995,Male,Loyal Customer,60,Business travel,Business,612,4,4,4,4,2,4,5,5,5,5,5,5,5,5,21,49,satisfied
23,75855,Male,Loyal Customer,43,Personal Travel,Eco,1437,3,4,3,4,2,3,2,2,4,2,4,4,5,2,0,0,neutral or dissatisfied
24,106181,Male,Loyal Customer,55,Personal Travel,Eco,302,1,2,4,3,4,4,4,4,1,3,2,4,3,4,0,0,neutral or dissatisfied
25,44304,Male,Loyal Customer,25,Business travel,Business,1428,4,4,4,4,4,4,4,4,1,5,3,1,5,4,0,0,satisfied
26,82602,Female,disloyal Customer,30,Business travel,Eco,528,4,3,5,3,2,5,2,2,3,2,3,4,4,2,0,0,neutral or dissatisfied
27,7823,Male,Loyal Customer,62,Personal Travel,Eco,710,3,5,3,4,2,3,2,2,3,5,5,4,4,2,0,0,neutral or dissatisfied
28,127781,Male,Loyal Customer,24,Business travel,Business,3680,4,1,4,4,2,2,2,2,5,5,5,5,4,2,0,0,satisfied
29,34501,Female,Loyal Customer,22,Business travel,Eco,1521,4,1,1,1,4,4,4,4,1,4,1,1,5,4,3,13,satisfied
30,121658,Male,Loyal Customer,44,Business travel,Business,1543,3,5,3,3,5,4,5,5,5,5,5,5,5,5,0,0,satisfied
31,20219,Male,Loyal Customer,51,Business travel,Eco,235,4,3,3,3,4,4,4,4,3,2,3,3,4,4,0,0,neutral or dissatisfied
32,67551,Male,Loyal Customer,43,Personal Travel,Business,1235,1,5,1,1,1,1,4,3,3,1,5,4,3,5,0,0,neutral or dissatisfied
33,48994,Female,Loyal Customer,56,Business travel,Eco,308,2,3,3,3,5,2,5,2,2,2,2,2,2,2,0,0,satisfied
34,70811,Male,disloyal Customer,41,Business travel,Eco,624,2,3,2,4,5,2,5,5,4,3,3,1,4,5,0,0,neutral or dissatisfied
35,75241,Male,Loyal Customer,22,Personal Travel,Eco,1846,4,5,4,4,5,4,5,5,5,4,4,4,4,5,40,68,neutral or dissatisfied
36,12312,Female,Loyal Customer,53,Business travel,Eco,192,5,2,2,2,3,4,2,5,5,5,5,2,5,4,0,1,satisfied
37,48372,Male,Loyal Customer,12,Personal Travel,Eco,674,3,4,3,1,1,3,1,1,3,3,5,4,4,1,80,70,neutral or dissatisfied
38,51477,Female,Loyal Customer,39,Business travel,Business,370,3,3,3,3,2,4,5,4,4,4,4,4,4,5,10,12,satisfied
39,84204,Female,Loyal Customer,55,Business travel,Business,3169,1,1,1,1,3,5,4,5,5,5,5,3,5,5,73,68,satisfied
40,70990,Female,disloyal Customer,32,Business travel,Business,802,4,4,4,2,2,4,4,2,4,2,4,3,5,2,0,10,neutral or dissatisfied
41,101991,Female,Loyal Customer,40,Personal Travel,Eco,628,1,4,1,3,5,1,5,5,3,2,5,5,4,5,4,0,neutral or dissatisfied
42,87447,Female,disloyal Customer,42,Business travel,Business,373,3,3,3,5,4,3,4,4,3,2,5,5,5,4,0,0,neutral or dissatisfied
43,16112,Male,disloyal Customer,24,Business travel,Eco,725,4,4,4,2,2,4,2,2,4,2,3,1,5,2,0,4,satisfied
44,16172,Male,Loyal Customer,22,Business travel,Business,277,3,3,3,3,3,3,3,1,5,4,3,3,2,3,116,177,neutral or dissatisfied
45,106558,Female,Loyal Customer,28,Business travel,Business,1024,1,1,1,1,4,4,4,4,5,3,5,5,4,4,0,3,satisfied
46,11536,Female,Loyal Customer,36,Business travel,Eco Plus,267,2,3,3,3,2,2,2,2,1,1,3,4,4,2,59,55,neutral or dissatisfied
47,47773,Female,Loyal Customer,62,Business travel,Eco,550,5,1,1,1,4,2,1,5,5,5,5,5,5,2,92,90,satisfied
48,70521,Female,Loyal Customer,60,Business travel,Business,1889,2,2,3,2,3,5,4,5,5,5,5,5,5,3,0,0,satisfied
49,96283,Female,Loyal Customer,59,Personal Travel,Eco,460,2,5,2,5,3,3,4,5,5,2,4,1,5,2,4,2,neutral or dissatisfied
50,117993,Female,Loyal Customer,49,Business travel,Business,3295,4,4,3,4,2,5,4,5,5,5,5,5,5,3,0,4,satisfied
51,74703,Female,Loyal Customer,44,Personal Travel,Eco,1205,2,4,2,3,4,4,3,4,4,2,4,2,4,2,0,0,neutral or dissatisfied
52,110840,Female,Loyal Customer,58,Personal Travel,Eco Plus,990,3,5,2,3,3,4,5,1,1,2,1,5,1,3,0,0,neutral or dissatisfied
53,88249,Male,disloyal Customer,24,Business travel,Business,444,4,0,4,2,2,4,2,2,5,3,5,3,5,2,20,32,satisfied
54,125877,Female,Loyal Customer,53,Business travel,Eco,520,4,2,2,2,3,3,4,4,4,4,4,3,4,3,17,0,satisfied
55,83968,Male,Loyal Customer,56,Business travel,Eco,321,2,3,4,3,2,2,2,2,2,5,3,3,3,2,0,0,neutral or dissatisfied
56,122719,Female,Loyal Customer,30,Business travel,Business,651,3,3,4,3,5,5,5,5,4,5,4,3,5,5,0,0,satisfied
57,3949,Male,disloyal Customer,27,Business travel,Business,764,3,3,3,2,2,3,2,2,2,1,3,3,2,2,30,46,neutral or dissatisfied
58,45542,Male,Loyal Customer,27,Business travel,Business,566,3,3,3,3,5,5,5,5,4,3,1,1,1,5,0,0,satisfied
59,43742,Female,Loyal Customer,67,Personal Travel,Eco,626,3,4,3,1,2,4,5,3,3,3,3,3,3,5,0,0,neutral or dissatisfied
60,122093,Female,Loyal Customer,32,Personal Travel,Eco,130,3,0,3,3,4,3,5,4,2,2,4,5,3,4,3,4,neutral or dissatisfied
61,121454,Male,disloyal Customer,36,Business travel,Eco,331,2,0,2,1,1,2,1,1,4,3,4,1,3,1,0,0,neutral or dissatisfied
62,738,Male,Loyal Customer,44,Business travel,Business,158,3,3,3,3,5,4,5,4,4,5,4,4,4,5,66,57,satisfied
63,75235,Female,Loyal Customer,70,Personal Travel,Eco,1829,1,4,1,1,2,5,5,5,5,1,5,4,5,3,0,0,neutral or dissatisfied
64,88653,Female,Loyal Customer,55,Personal Travel,Eco,646,3,2,3,4,4,3,4,5,5,3,5,4,5,3,0,3,neutral or dissatisfied
65,26594,Male,Loyal Customer,66,Business travel,Eco,404,4,1,1,1,4,4,4,4,3,1,3,2,5,4,9,6,satisfied
66,38339,Female,Loyal Customer,19,Business travel,Business,2738,5,5,5,5,3,4,3,3,5,3,3,1,2,3,0,0,satisfied
67,46063,Female,Loyal Customer,53,Personal Travel,Eco Plus,964,1,5,1,2,4,4,5,4,4,1,4,5,4,4,6,0,neutral or dissatisfied
68,27957,Male,Loyal Customer,22,Business travel,Business,1660,2,2,2,2,2,2,2,2,4,3,2,2,4,2,0,0,neutral or dissatisfied
69,17270,Female,Loyal Customer,69,Personal Travel,Eco,872,2,3,2,2,4,2,3,5,5,2,5,3,5,3,14,0,neutral or dissatisfied
70,87976,Female,Loyal Customer,42,Business travel,Business,1898,5,5,5,5,5,4,4,5,5,5,5,4,5,3,49,47,satisfied
71,31640,Female,Loyal Customer,41,Business travel,Business,967,2,2,2,2,2,3,5,4,4,4,4,5,4,5,44,40,satisfied
72,41461,Female,Loyal Customer,53,Personal Travel,Business,1242,3,4,3,5,3,3,5,1,1,3,1,4,1,4,3,0,neutral or dissatisfied
73,15143,Male,Loyal Customer,35,Business travel,Business,1042,3,2,2,2,2,4,3,3,3,3,3,3,3,2,0,0,neutral or dissatisfied
74,78136,Female,Loyal Customer,54,Personal Travel,Business,153,3,5,3,5,2,4,5,2,2,3,2,4,2,5,0,0,neutral or dissatisfied
75,120433,Male,Loyal Customer,44,Business travel,Business,366,3,3,2,3,2,5,4,4,4,4,4,3,4,4,5,24,satisfied
76,41440,Female,disloyal Customer,26,Business travel,Eco Plus,913,1,2,2,2,4,2,3,4,3,2,1,1,4,4,0,0,neutral or dissatisfied
77,15963,Female,Loyal Customer,44,Personal Travel,Eco,528,2,5,2,3,2,5,4,5,5,2,5,3,5,3,0,0,neutral or dissatisfied
78,64303,Female,disloyal Customer,24,Business travel,Eco,1172,2,3,3,2,5,3,5,5,4,5,5,4,5,5,28,27,neutral or dissatisfied
79,3608,Female,Loyal Customer,54,Personal Travel,Eco,999,2,4,2,4,4,5,5,5,5,2,5,5,5,4,0,0,neutral or dissatisfied
80,7744,Male,Loyal Customer,42,Business travel,Eco Plus,489,2,2,2,2,2,2,2,2,4,3,3,1,2,2,0,0,neutral or dissatisfied
81,21276,Male,disloyal Customer,36,Business travel,Eco,692,1,1,1,4,1,1,1,1,1,5,3,1,2,1,0,0,neutral or dissatisfied
82,58576,Female,Loyal Customer,61,Business travel,Business,1585,2,2,3,2,1,1,5,3,3,4,3,4,3,4,24,20,satisfied
83,53888,Female,Loyal Customer,50,Personal Travel,Eco,140,2,4,2,4,4,4,5,2,2,2,2,3,2,5,0,0,neutral or dissatisfied
84,10980,Male,Loyal Customer,27,Business travel,Business,2729,3,3,3,3,5,5,5,5,4,4,4,5,2,5,44,52,satisfied
85,54151,Male,Loyal Customer,55,Business travel,Business,1400,3,5,5,5,4,3,2,3,3,3,3,1,3,4,1,0,neutral or dissatisfied
86,115641,Male,disloyal Customer,21,Business travel,Eco,447,2,2,1,4,1,1,1,1,4,4,3,4,3,1,7,0,neutral or dissatisfied
87,58584,Female,Loyal Customer,31,Personal Travel,Business,334,2,1,2,4,5,2,5,5,2,4,3,2,4,5,5,0,neutral or dissatisfied
88,50472,Female,disloyal Customer,37,Business travel,Eco,158,1,2,1,3,1,1,1,1,1,4,3,4,3,1,24,20,neutral or dissatisfied
89,102623,Female,Loyal Customer,50,Business travel,Business,3696,1,1,5,1,2,4,4,5,5,5,5,4,5,5,9,0,satisfied
90,31533,Female,Loyal Customer,21,Personal Travel,Eco,846,1,4,1,3,3,1,3,3,5,4,5,4,5,3,9,17,neutral or dissatisfied
91,42287,Female,Loyal Customer,53,Business travel,Eco,329,1,0,0,3,1,3,3,4,4,1,4,4,4,1,0,0,neutral or dissatisfied
92,70467,Male,Loyal Customer,45,Business travel,Business,2580,3,3,3,3,3,4,4,5,5,5,5,3,5,4,0,11,satisfied
93,20461,Female,disloyal Customer,42,Business travel,Eco,84,3,5,3,1,5,3,5,5,5,5,3,5,4,5,0,34,neutral or dissatisfied
94,113346,Male,Loyal Customer,59,Business travel,Business,3358,3,3,3,3,3,5,4,4,4,4,4,4,4,3,0,0,satisfied
95,115566,Female,Loyal Customer,54,Business travel,Eco,308,2,1,4,4,5,3,3,2,2,2,2,4,2,1,83,95,neutral or dissatisfied
96,119896,Female,Loyal Customer,46,Business travel,Business,912,1,1,1,1,2,4,4,4,4,4,4,5,4,4,5,0,satisfied
97,88853,Female,Loyal Customer,52,Personal Travel,Eco Plus,406,3,4,3,1,2,5,4,2,2,3,2,3,2,4,0,0,neutral or dissatisfied
98,24895,Female,Loyal Customer,38,Personal Travel,Eco,397,2,5,2,2,5,2,5,5,5,4,4,5,5,5,0,0,neutral or dissatisfied
99,31122,Male,Loyal Customer,35,Business travel,Business,2409,3,3,3,3,1,4,3,4,4,4,4,3,4,3,0,0,satisfied
100,91231,Female,Loyal Customer,41,Personal Travel,Eco,545,2,2,2,3,4,2,4,4,1,3,4,1,4,4,0,0,neutral or dissatisfied
101,61426,Female,disloyal Customer,40,Business travel,Business,2419,2,2,2,3,4,2,4,4,3,2,3,3,5,4,0,0,neutral or dissatisfied
102,68873,Female,disloyal Customer,36,Business travel,Eco,1061,2,2,2,1,4,2,4,4,1,4,2,4,2,4,13,0,neutral or dissatisfied
103,125701,Male,Loyal Customer,67,Personal Travel,Eco,899,2,5,2,2,2,2,2,2,5,2,4,5,5,2,0,0,neutral or dissatisfied
104,94999,Female,Loyal Customer,38,Personal Travel,Eco,293,4,4,4,4,5,4,5,5,2,2,4,4,4,5,5,0,satisfied
105,56694,Female,Loyal Customer,50,Personal Travel,Eco,1085,3,5,3,2,5,5,5,5,5,3,5,3,5,4,0,0,neutral or dissatisfied
106,62010,Male,Loyal Customer,50,Business travel,Business,2475,5,5,5,5,2,5,4,2,2,2,2,3,2,5,0,0,satisfied
107,95868,Male,Loyal Customer,54,Business travel,Business,2544,5,5,3,5,5,4,5,3,3,3,3,4,3,5,62,66,satisfied
108,123064,Male,Loyal Customer,56,Business travel,Business,2556,4,4,4,4,4,5,4,4,4,4,4,3,4,5,117,113,satisfied
109,103418,Male,Loyal Customer,38,Personal Travel,Eco,237,3,4,3,4,2,3,2,2,3,3,4,4,3,2,0,2,neutral or dissatisfied
110,73456,Female,Loyal Customer,7,Personal Travel,Eco,1120,3,5,3,3,2,3,2,2,4,4,4,5,5,2,16,13,neutral or dissatisfied
111,8851,Female,Loyal Customer,32,Business travel,Business,2668,5,5,4,5,4,4,4,4,5,2,5,5,5,4,2,0,satisfied
112,64241,Male,Loyal Customer,45,Business travel,Eco,1660,4,1,1,1,4,4,4,4,2,5,2,4,3,4,0,7,neutral or dissatisfied
113,81723,Male,disloyal Customer,25,Business travel,Eco,1310,2,2,2,4,3,2,3,3,1,4,3,1,4,3,0,24,neutral or dissatisfied
114,88237,Female,Loyal Customer,45,Business travel,Business,2374,5,5,5,5,4,5,4,4,4,4,4,5,4,5,0,0,satisfied
115,50619,Male,Loyal Customer,34,Personal Travel,Eco,209,3,4,0,1,1,0,1,1,1,5,5,2,3,1,0,0,neutral or dissatisfied
116,54444,Male,Loyal Customer,20,Personal Travel,Eco Plus,305,3,4,3,3,1,3,1,1,3,3,4,4,5,1,5,2,neutral or dissatisfied
117,64765,Female,disloyal Customer,36,Business travel,Eco,247,2,1,2,3,1,2,1,1,4,1,3,1,2,1,16,6,neutral or dissatisfied
118,15941,Male,disloyal Customer,36,Business travel,Eco,338,3,4,3,4,2,3,2,2,3,4,3,1,3,2,0,0,neutral or dissatisfied
119,14965,Male,Loyal Customer,27,Business travel,Business,3200,1,1,1,1,5,5,5,5,4,5,2,2,1,5,0,0,satisfied
120,36897,Male,Loyal Customer,40,Personal Travel,Eco,1368,3,4,2,4,3,2,3,3,4,2,3,3,4,3,0,0,neutral or dissatisfied
121,127954,Male,Loyal Customer,31,Business travel,Business,1999,4,5,4,4,5,5,5,5,4,4,4,3,4,5,0,4,satisfied
122,27872,Male,Loyal Customer,25,Business travel,Eco Plus,680,0,5,0,2,1,0,1,1,3,1,4,5,5,1,0,0,satisfied
123,35854,Male,Loyal Customer,42,Business travel,Business,537,2,2,2,2,1,5,3,5,5,5,5,4,5,3,0,0,satisfied
124,14527,Female,Loyal Customer,45,Business travel,Eco,288,5,1,1,1,1,2,3,5,5,5,5,1,5,3,29,40,satisfied
125,47021,Male,Loyal Customer,59,Personal Travel,Business,639,2,1,2,3,4,3,3,3,3,2,3,2,3,1,0,11,neutral or dissatisfied
126,11224,Male,Loyal Customer,34,Personal Travel,Eco,201,3,5,3,3,2,3,5,2,5,2,1,3,1,2,3,8,neutral or dissatisfied
127,3921,Female,Loyal Customer,22,Personal Travel,Eco,213,3,5,3,4,3,3,1,3,1,5,1,3,2,3,0,17,neutral or dissatisfied
128,69463,Male,Loyal Customer,21,Personal Travel,Eco,1096,2,2,2,4,2,2,3,2,3,1,3,2,4,2,0,0,neutral or dissatisfied
129,47050,Male,Loyal Customer,26,Business travel,Business,1680,3,1,1,1,3,3,3,3,1,2,4,2,3,3,27,10,neutral or dissatisfied
130,21970,Male,Loyal Customer,37,Business travel,Business,2401,2,2,2,2,5,3,1,4,4,4,4,1,4,5,94,86,satisfied
131,30046,Male,Loyal Customer,38,Business travel,Business,2746,2,2,2,2,2,5,2,4,4,4,4,1,4,5,0,0,satisfied
132,1256,Female,Loyal Customer,17,Personal Travel,Eco,89,3,4,3,1,5,3,3,5,3,4,5,5,5,5,0,0,neutral or dissatisfied
133,73813,Male,Loyal Customer,15,Personal Travel,Eco Plus,192,2,4,2,3,5,2,5,5,5,4,5,5,5,5,5,8,neutral or dissatisfied
134,110928,Female,Loyal Customer,53,Personal Travel,Eco,404,3,3,3,4,4,4,4,5,5,3,5,1,5,2,0,0,neutral or dissatisfied
135,102981,Male,disloyal Customer,39,Business travel,Business,546,4,4,4,4,2,4,2,2,3,5,5,3,4,2,93,88,neutral or dissatisfied
136,61571,Male,Loyal Customer,40,Business travel,Business,2400,4,3,4,4,2,4,5,5,5,5,5,3,5,3,0,0,satisfied
137,3796,Female,disloyal Customer,28,Business travel,Eco Plus,599,2,2,2,3,4,2,4,4,3,3,3,1,3,4,0,46,neutral or dissatisfied
138,73906,Female,disloyal Customer,27,Business travel,Business,2342,3,3,3,4,2,3,2,2,4,3,5,3,5,2,10,0,neutral or dissatisfied
139,74090,Female,Loyal Customer,41,Business travel,Business,3046,5,5,5,5,3,5,5,4,4,4,4,4,4,5,0,0,satisfied
140,76645,Female,Loyal Customer,7,Personal Travel,Eco,516,2,4,2,3,5,2,5,5,5,4,5,5,4,5,0,0,neutral or dissatisfied
141,100462,Male,disloyal Customer,48,Business travel,Business,759,3,3,3,2,2,3,2,2,4,2,5,4,5,2,2,1,neutral or dissatisfied
142,54164,Male,Loyal Customer,13,Business travel,Eco,1400,2,1,1,1,2,1,2,2,4,3,3,3,4,2,0,0,neutral or dissatisfied
143,6147,Female,Loyal Customer,48,Business travel,Business,491,3,3,3,3,4,4,4,4,4,4,4,3,4,5,0,0,satisfied
144,1262,Female,Loyal Customer,49,Personal Travel,Eco,134,3,3,3,3,5,3,3,4,4,3,4,1,4,4,8,3,neutral or dissatisfied
145,20310,Male,disloyal Customer,26,Business travel,Business,900,5,5,5,3,1,5,1,1,4,3,5,5,5,1,5,0,satisfied
146,46896,Male,Loyal Customer,22,Business travel,Business,3648,2,2,2,2,3,3,3,3,2,4,3,5,3,3,0,0,satisfied
147,7237,Female,Loyal Customer,53,Business travel,Business,3769,3,1,5,1,1,3,1,2,4,3,4,1,2,1,180,178,neutral or dissatisfied
148,44293,Female,Loyal Customer,43,Business travel,Eco,563,4,4,4,4,3,5,5,4,4,4,4,5,4,5,0,0,satisfied
149,52496,Male,Loyal Customer,56,Business travel,Business,3131,1,1,1,1,2,5,4,4,4,4,5,4,4,5,0,0,satisfied
150,68263,Female,Loyal Customer,69,Personal Travel,Eco,631,3,5,2,5,3,3,4,5,5,2,5,1,5,1,0,0,neutral or dissatisfied
151,5289,Male,Loyal Customer,59,Personal Travel,Eco,351,4,3,4,4,1,4,1,1,1,5,4,2,4,1,0,0,satisfied
152,109359,Female,Loyal Customer,56,Business travel,Business,1189,5,5,3,5,5,4,5,2,2,2,2,4,2,3,9,0,satisfied
153,94988,Male,Loyal Customer,11,Personal Travel,Eco,562,5,5,5,5,3,5,3,3,4,4,5,1,2,3,0,0,satisfied
154,53605,Female,Loyal Customer,25,Business travel,Eco,1874,4,3,3,3,4,4,3,4,3,1,4,5,1,4,86,78,satisfied
155,11005,Female,disloyal Customer,29,Business travel,Eco,158,4,0,4,1,2,4,2,2,1,5,2,2,2,2,0,0,satisfied
156,14794,Female,Loyal Customer,48,Business travel,Eco,95,5,3,3,3,1,2,1,5,5,5,5,1,5,2,0,0,satisfied
157,49480,Female,Loyal Customer,42,Business travel,Business,266,1,1,1,1,4,3,4,4,4,4,4,2,4,1,0,0,satisfied
158,120440,Male,disloyal Customer,15,Business travel,Eco,449,1,4,1,2,3,1,4,3,1,3,5,4,5,3,0,0,neutral or dissatisfied
159,55823,Female,disloyal Customer,49,Business travel,Business,1416,3,4,4,2,2,3,2,2,4,2,5,5,4,2,0,0,neutral or dissatisfied
160,107792,Male,Loyal Customer,41,Business travel,Business,2388,2,2,2,2,5,5,4,4,4,4,4,5,4,5,29,18,satisfied
161,80531,Male,Loyal Customer,43,Business travel,Business,1678,1,1,2,1,3,4,4,2,2,2,2,4,2,5,0,0,satisfied
162,128145,Male,Loyal Customer,60,Business travel,Business,1972,5,5,2,5,4,3,5,5,5,5,5,5,5,3,0,0,satisfied
163,63370,Female,Loyal Customer,42,Personal Travel,Eco,337,4,1,4,3,3,3,3,3,3,4,1,2,3,2,0,0,satisfied
164,12452,Female,Loyal Customer,8,Personal Travel,Eco,253,3,3,3,1,4,3,4,4,5,5,2,4,3,4,0,0,neutral or dissatisfied
165,16145,Female,Loyal Customer,42,Business travel,Eco,212,5,3,3,3,5,3,5,5,5,5,5,5,5,2,82,72,satisfied
166,44418,Male,disloyal Customer,18,Business travel,Eco Plus,342,1,1,1,3,3,1,3,3,2,1,4,1,3,3,32,41,neutral or dissatisfied
167,95746,Male,Loyal Customer,47,Business travel,Business,3556,2,2,2,2,3,5,3,5,5,5,5,3,5,4,0,0,satisfied
168,41134,Female,disloyal Customer,27,Business travel,Eco,191,4,4,4,4,5,4,5,5,2,1,3,2,3,5,16,12,neutral or dissatisfied
169,3214,Female,Loyal Customer,67,Personal Travel,Eco Plus,693,3,1,3,1,5,1,2,1,1,3,1,1,1,4,100,91,neutral or dissatisfied
170,74101,Male,disloyal Customer,38,Business travel,Business,641,5,5,5,3,2,5,2,2,5,5,4,3,5,2,0,0,satisfied
171,106220,Female,disloyal Customer,20,Business travel,Eco,471,4,5,4,4,3,4,3,3,4,3,4,5,4,3,0,0,neutral or dissatisfied
172,88134,Female,Loyal Customer,60,Business travel,Business,3823,2,2,1,2,4,4,4,5,5,4,5,3,5,3,1,0,satisfied
173,64475,Male,disloyal Customer,23,Business travel,Business,282,4,5,4,1,4,4,4,4,3,3,5,3,4,4,9,1,satisfied
174,123812,Male,disloyal Customer,25,Business travel,Business,544,3,5,3,1,2,3,2,2,4,2,5,4,4,2,0,0,neutral or dissatisfied
175,88893,Female,Loyal Customer,38,Business travel,Business,2955,3,3,3,3,3,5,5,4,4,4,4,3,4,3,0,0,satisfied
176,31244,Female,Loyal Customer,40,Business travel,Business,2806,1,1,1,1,3,1,5,5,5,5,5,5,5,5,0,4,satisfied
177,97762,Male,Loyal Customer,19,Personal Travel,Eco,587,3,4,3,5,1,3,1,1,5,3,5,4,4,1,0,0,neutral or dissatisfied
178,59851,Female,Loyal Customer,61,Business travel,Business,2073,3,3,3,3,4,5,4,4,4,4,4,4,4,5,6,0,satisfied
179,25137,Male,Loyal Customer,44,Personal Travel,Eco,1249,3,4,3,3,5,3,5,5,5,2,3,4,4,5,25,6,neutral or dissatisfied
180,18412,Female,Loyal Customer,22,Personal Travel,Eco,284,3,5,3,1,3,3,3,3,4,5,5,3,5,3,34,35,neutral or dissatisfied
181,87192,Female,disloyal Customer,8,Business travel,Eco,946,2,2,2,2,3,2,3,3,1,5,3,4,3,3,2,0,neutral or dissatisfied
182,127062,Female,Loyal Customer,45,Business travel,Business,3947,3,4,4,4,3,4,4,3,3,3,3,4,3,3,25,16,neutral or dissatisfied
183,112169,Male,Loyal Customer,46,Personal Travel,Eco,895,4,5,4,1,1,4,1,1,2,1,3,3,5,1,40,25,satisfied
184,127798,Female,Loyal Customer,54,Business travel,Business,1634,3,2,5,2,4,4,4,3,3,3,3,3,3,1,90,77,neutral or dissatisfied
185,91778,Male,Loyal Customer,62,Personal Travel,Eco,588,2,1,1,2,1,1,1,1,1,4,3,2,3,1,0,0,neutral or dissatisfied
186,42609,Female,Loyal Customer,25,Business travel,Business,2533,5,5,5,5,2,2,2,2,5,1,2,1,3,2,0,0,satisfied
187,67482,Female,Loyal Customer,32,Personal Travel,Eco,641,3,4,3,2,2,3,2,2,4,5,4,5,4,2,0,0,neutral or dissatisfied
188,91108,Female,Loyal Customer,65,Personal Travel,Eco,581,4,4,4,2,4,4,4,1,1,4,1,4,1,5,1,3,neutral or dissatisfied
189,102318,Male,disloyal Customer,40,Business travel,Business,223,2,2,2,4,2,2,2,2,4,4,4,3,5,2,0,0,neutral or dissatisfied
190,51281,Female,Loyal Customer,30,Business travel,Eco Plus,326,0,0,0,5,2,0,2,2,4,1,3,4,5,2,0,0,satisfied
191,6528,Female,Loyal Customer,67,Personal Travel,Eco,599,3,1,3,2,1,1,2,3,3,3,3,2,3,1,0,0,neutral or dissatisfied
192,121232,Male,Loyal Customer,51,Business travel,Business,2075,5,5,5,5,2,5,5,5,5,5,5,3,5,3,0,0,satisfied
193,72478,Female,Loyal Customer,47,Business travel,Business,964,5,5,4,5,5,4,5,5,5,5,5,4,5,3,1,3,satisfied
194,122788,Female,Loyal Customer,38,Business travel,Eco,599,1,4,4,4,1,1,1,1,2,3,3,3,3,1,8,0,neutral or dissatisfied
195,5528,Male,Loyal Customer,54,Business travel,Business,3138,1,1,1,1,5,5,4,4,4,4,4,3,4,4,0,0,satisfied
196,107726,Female,Loyal Customer,57,Personal Travel,Eco,251,1,5,0,5,3,2,3,1,1,0,3,5,1,3,0,4,neutral or dissatisfied
197,72606,Male,Loyal Customer,13,Personal Travel,Eco,1119,1,5,1,3,2,1,2,2,3,4,4,5,5,2,0,0,neutral or dissatisfied
198,75522,Female,disloyal Customer,20,Business travel,Eco,337,4,0,4,3,4,4,4,4,3,5,4,4,5,4,0,0,satisfied
199,125687,Female,Loyal Customer,45,Business travel,Business,759,2,2,2,2,2,2,1,2,2,2,2,3,2,4,23,94,neutral or dissatisfied
200,79908,Female,Loyal Customer,51,Business travel,Business,2344,2,2,2,2,3,4,5,3,3,3,3,3,3,3,0,0,satisfied
201,117345,Male,disloyal Customer,25,Business travel,Business,296,0,0,0,3,2,0,2,2,4,4,4,5,5,2,0,0,satisfied
202,73465,Female,Loyal Customer,39,Personal Travel,Eco,1005,1,4,2,3,2,1,5,5,2,4,5,5,4,5,168,163,neutral or dissatisfied
203,95851,Female,Loyal Customer,46,Business travel,Business,580,3,3,3,3,3,5,4,4,4,4,4,3,4,5,18,16,satisfied
204,44992,Male,Loyal Customer,53,Business travel,Eco,359,1,3,3,3,1,1,1,1,1,2,3,4,4,1,0,0,neutral or dissatisfied
205,70631,Female,Loyal Customer,61,Personal Travel,Eco,1217,0,4,0,1,5,5,5,4,4,0,4,4,4,4,0,0,satisfied
206,13761,Female,Loyal Customer,61,Business travel,Eco Plus,384,4,5,5,5,3,3,2,4,4,4,4,3,4,5,96,102,satisfied
207,74968,Male,Loyal Customer,16,Personal Travel,Eco,2586,3,5,3,4,4,3,4,4,5,2,4,5,4,4,45,42,neutral or dissatisfied
208,12371,Female,Loyal Customer,44,Business travel,Business,2903,2,1,1,1,2,3,3,2,2,2,2,3,2,1,0,1,neutral or dissatisfied
209,8378,Female,Loyal Customer,17,Business travel,Business,3170,5,5,5,5,5,5,5,5,1,3,3,1,5,5,16,0,satisfied
210,82080,Female,Loyal Customer,50,Business travel,Eco,1276,2,2,2,2,4,2,3,2,2,2,2,1,2,1,35,49,neutral or dissatisfied
211,107972,Female,disloyal Customer,40,Business travel,Business,825,4,4,4,3,5,4,5,5,5,3,4,3,5,5,0,4,satisfied
212,101228,Male,Loyal Customer,47,Business travel,Business,2204,5,5,5,5,4,4,4,2,2,2,2,4,2,3,6,0,satisfied
213,85577,Female,Loyal Customer,80,Business travel,Business,3464,1,1,1,1,2,4,4,4,4,4,4,5,4,4,0,0,satisfied
214,2717,Female,Loyal Customer,38,Personal Travel,Eco,562,5,3,5,3,4,5,4,4,1,1,3,4,3,4,0,0,satisfied
215,88529,Male,Loyal Customer,31,Personal Travel,Eco,404,5,1,5,3,3,5,3,3,4,2,4,4,4,3,0,0,satisfied
216,91613,Male,Loyal Customer,59,Business travel,Business,1199,4,2,2,2,5,4,4,4,4,4,4,3,4,1,0,15,neutral or dissatisfied
217,88865,Female,Loyal Customer,22,Business travel,Business,1968,4,4,4,4,4,4,4,4,1,2,3,4,4,4,0,0,neutral or dissatisfied
218,96960,Female,Loyal Customer,53,Business travel,Business,2560,5,5,5,5,5,4,5,3,3,3,3,3,3,3,0,3,satisfied
219,51191,Female,Loyal Customer,56,Business travel,Eco Plus,308,4,2,2,2,5,3,4,4,4,4,4,5,4,2,0,0,satisfied
220,9461,Female,Loyal Customer,48,Personal Travel,Eco,362,4,4,5,3,2,4,5,3,3,5,3,5,3,4,0,0,neutral or dissatisfied
221,66384,Male,disloyal Customer,38,Business travel,Business,1562,3,3,3,5,2,3,2,2,5,2,5,3,4,2,2,25,neutral or dissatisfied
222,41934,Male,Loyal Customer,64,Personal Travel,Eco,129,1,0,1,2,1,1,1,1,3,2,5,4,4,1,13,9,neutral or dissatisfied
223,25381,Male,Loyal Customer,67,Personal Travel,Eco,591,2,4,2,3,5,2,3,5,4,4,4,3,5,5,0,0,neutral or dissatisfied
224,14757,Female,Loyal Customer,62,Business travel,Business,3692,2,2,4,2,3,4,2,4,4,4,4,1,4,2,0,0,satisfied
225,94013,Male,Loyal Customer,57,Business travel,Business,1859,1,1,1,1,2,5,5,4,4,4,4,5,4,5,16,15,satisfied
226,80107,Female,disloyal Customer,27,Business travel,Eco,986,2,1,1,3,1,2,1,1,1,5,1,1,3,1,24,32,neutral or dissatisfied
227,23590,Female,disloyal Customer,25,Business travel,Eco,1024,1,1,1,3,5,1,5,5,1,4,4,1,4,5,13,11,neutral or dissatisfied
228,110384,Female,Loyal Customer,52,Business travel,Eco,919,3,4,4,4,3,2,2,3,3,3,3,1,3,1,85,72,neutral or dissatisfied
229,15069,Female,Loyal Customer,45,Business travel,Eco Plus,576,4,2,2,2,3,1,3,4,4,4,4,5,4,2,0,0,satisfied
230,17128,Female,disloyal Customer,23,Business travel,Eco,423,3,3,3,3,1,3,1,1,2,2,3,3,3,1,6,13,neutral or dissatisfied
231,54060,Male,Loyal Customer,55,Business travel,Eco,1416,5,2,2,2,5,5,5,5,4,3,5,2,5,5,1,0,satisfied
232,129240,Male,Loyal Customer,53,Business travel,Business,1464,3,2,2,2,5,4,4,3,3,3,3,3,3,3,0,0,neutral or dissatisfied
233,97165,Female,Loyal Customer,9,Personal Travel,Eco,715,4,4,4,3,1,4,1,1,5,4,4,4,4,1,11,4,satisfied
234,111696,Male,Loyal Customer,33,Business travel,Business,541,2,2,3,2,4,4,4,4,5,2,5,3,4,4,86,85,satisfied
235,1887,Male,disloyal Customer,64,Business travel,Business,293,3,3,3,3,3,3,3,3,4,4,4,4,4,3,3,0,neutral or dissatisfied
236,89086,Female,disloyal Customer,8,Business travel,Eco,2092,2,3,3,3,4,2,4,4,4,3,3,3,3,4,26,23,neutral or dissatisfied
237,35485,Male,Loyal Customer,34,Personal Travel,Eco,1053,4,4,4,1,3,4,3,3,3,2,5,3,5,3,34,15,neutral or dissatisfied
238,35719,Male,Loyal Customer,59,Personal Travel,Eco,2521,1,1,1,3,1,3,5,2,3,3,2,5,2,5,0,2,neutral or dissatisfied
239,85669,Female,Loyal Customer,13,Business travel,Business,2544,3,1,3,3,3,3,3,3,4,3,4,3,3,3,0,0,neutral or dissatisfied
240,1137,Male,Loyal Customer,44,Personal Travel,Eco,158,4,4,4,2,2,4,2,2,2,5,1,4,5,2,0,0,neutral or dissatisfied
241,8358,Male,Loyal Customer,54,Business travel,Business,1741,1,1,1,1,4,4,5,4,4,4,4,4,4,3,0,0,satisfied
242,17217,Male,Loyal Customer,36,Business travel,Business,2651,4,4,4,4,3,4,4,5,5,5,5,5,5,3,10,0,satisfied
243,44847,Female,Loyal Customer,11,Personal Travel,Eco,760,3,5,3,1,5,3,5,5,3,5,5,4,4,5,102,88,neutral or dissatisfied
244,96673,Female,Loyal Customer,32,Personal Travel,Eco,1036,1,5,1,2,5,1,5,5,5,5,5,5,4,5,12,9,neutral or dissatisfied
245,80152,Male,Loyal Customer,42,Business travel,Eco,2586,1,3,3,3,1,1,1,3,5,2,3,1,4,1,0,0,neutral or dissatisfied
246,82277,Female,disloyal Customer,27,Business travel,Eco,1081,1,1,1,4,2,1,2,2,1,5,3,3,1,2,4,0,neutral or dissatisfied
247,123927,Male,Loyal Customer,33,Personal Travel,Eco,646,2,4,2,3,3,2,3,3,4,1,3,2,5,3,1,0,neutral or dissatisfied
248,115766,Female,Loyal Customer,28,Business travel,Business,308,1,3,3,3,1,1,1,1,3,3,3,3,3,1,0,0,neutral or dissatisfied
249,21134,Male,Loyal Customer,44,Personal Travel,Eco,227,4,5,0,1,2,0,2,2,3,4,4,5,5,2,0,0,satisfied
250,112062,Male,disloyal Customer,49,Business travel,Eco,1754,3,3,3,3,4,3,5,4,1,4,3,4,4,4,33,28,neutral or dissatisfied
251,28643,Male,Loyal Customer,59,Business travel,Business,2176,2,3,2,2,3,5,2,5,5,5,5,4,5,4,5,0,satisfied
252,119226,Female,Loyal Customer,29,Personal Travel,Eco,331,3,4,3,4,3,3,3,3,5,4,2,2,4,3,0,0,neutral or dissatisfied
253,115925,Female,disloyal Customer,41,Business travel,Business,371,2,2,2,1,1,2,1,1,4,4,2,1,1,1,35,30,neutral or dissatisfied
254,106552,Male,Loyal Customer,7,Personal Travel,Eco,727,1,5,1,3,4,1,4,4,4,1,1,5,4,4,0,0,neutral or dissatisfied
255,25126,Female,Loyal Customer,65,Personal Travel,Business,1249,3,5,3,2,4,4,4,3,3,3,3,4,3,5,40,44,neutral or dissatisfied
256,33426,Male,Loyal Customer,50,Business travel,Business,2614,2,2,2,2,5,4,4,2,4,4,2,4,2,4,0,9,satisfied
257,125844,Female,Loyal Customer,20,Business travel,Eco,951,2,3,3,3,2,2,4,2,3,5,3,1,4,2,57,41,neutral or dissatisfied
258,70328,Female,Loyal Customer,58,Business travel,Business,2498,3,3,3,3,4,4,4,5,5,5,5,4,5,3,0,0,satisfied
259,88847,Female,Loyal Customer,45,Personal Travel,Eco Plus,545,2,5,2,2,4,1,1,2,2,2,4,4,2,3,14,20,neutral or dissatisfied
260,108398,Male,Loyal Customer,46,Personal Travel,Eco Plus,1838,1,5,1,3,5,1,5,5,3,2,5,4,5,5,0,0,neutral or dissatisfied
261,97316,Female,Loyal Customer,43,Business travel,Business,3724,3,3,3,3,4,4,5,5,5,5,5,4,5,3,19,7,satisfied
262,124811,Male,disloyal Customer,26,Business travel,Business,280,2,2,2,2,2,2,2,2,2,3,2,2,3,2,0,6,neutral or dissatisfied
263,23012,Male,Loyal Customer,41,Business travel,Eco Plus,641,5,1,1,1,5,5,5,5,3,4,3,5,5,5,0,0,satisfied
264,18088,Female,Loyal Customer,50,Personal Travel,Eco,488,3,5,3,1,3,4,5,5,5,3,5,5,5,3,0,0,neutral or dissatisfied
265,37982,Male,Loyal Customer,38,Personal Travel,Business,1237,3,4,3,1,4,3,4,5,5,3,5,5,5,5,6,0,neutral or dissatisfied
266,31332,Female,disloyal Customer,38,Business travel,Eco,1062,1,1,1,2,3,1,3,3,4,1,4,5,3,3,0,0,neutral or dissatisfied
267,97455,Female,Loyal Customer,55,Business travel,Business,2699,2,2,2,2,2,5,4,3,3,3,3,4,3,4,0,3,satisfied
268,28901,Female,Loyal Customer,49,Business travel,Business,679,1,1,1,1,2,5,4,4,4,4,4,2,4,1,51,71,satisfied
269,107606,Male,disloyal Customer,33,Business travel,Business,423,4,4,4,3,4,4,4,4,3,2,4,5,5,4,0,5,neutral or dissatisfied
270,53258,Female,Loyal Customer,57,Business travel,Business,4817,4,4,4,4,5,5,5,3,3,4,4,5,4,5,0,19,satisfied
271,14292,Female,Loyal Customer,35,Business travel,Business,3833,3,3,3,3,3,2,3,5,5,5,5,4,5,4,0,3,satisfied
272,68232,Female,Loyal Customer,40,Business travel,Business,2559,5,5,5,5,3,5,5,4,4,4,4,3,4,3,0,0,satisfied
273,51224,Female,disloyal Customer,37,Business travel,Eco Plus,373,4,4,4,4,3,4,3,3,4,4,1,1,1,3,0,0,neutral or dissatisfied
274,121386,Female,Loyal Customer,52,Personal Travel,Eco,2279,2,5,2,3,2,4,2,5,3,4,5,2,4,2,17,79,neutral or dissatisfied
275,31668,Male,Loyal Customer,41,Business travel,Eco,862,2,2,2,2,2,2,2,2,3,5,2,3,3,2,0,0,satisfied
276,24628,Female,Loyal Customer,14,Personal Travel,Eco,666,3,3,3,2,3,1,1,4,2,1,5,1,4,1,243,251,neutral or dissatisfied
277,95876,Female,Loyal Customer,32,Business travel,Business,759,2,2,2,2,5,4,5,5,3,5,4,4,4,5,0,0,satisfied
278,62793,Male,Loyal Customer,11,Personal Travel,Eco,2338,2,4,2,3,2,1,1,3,2,4,5,1,4,1,152,151,neutral or dissatisfied
279,83516,Male,Loyal Customer,12,Personal Travel,Eco,946,1,3,1,5,2,1,2,2,1,3,2,2,3,2,0,0,neutral or dissatisfied
280,13221,Male,Loyal Customer,41,Business travel,Eco,772,4,3,3,3,4,4,4,4,2,1,4,4,3,4,0,0,satisfied
281,100404,Female,disloyal Customer,45,Business travel,Business,1011,3,2,2,5,4,3,4,4,4,3,4,4,5,4,0,0,neutral or dissatisfied
282,121453,Male,disloyal Customer,21,Business travel,Eco,257,2,0,2,4,5,2,1,5,1,5,1,4,5,5,0,1,neutral or dissatisfied
283,21454,Female,Loyal Customer,31,Business travel,Eco,164,2,3,3,3,2,2,2,2,3,3,3,1,3,2,0,0,neutral or dissatisfied
284,15937,Male,Loyal Customer,38,Business travel,Eco,166,4,3,2,3,4,4,4,4,5,5,4,4,5,4,17,17,satisfied
285,70105,Male,Loyal Customer,40,Business travel,Business,2280,4,4,4,4,3,5,5,5,5,5,5,4,5,5,19,38,satisfied
286,47540,Male,Loyal Customer,13,Personal Travel,Eco,590,5,4,5,2,5,5,5,5,4,4,4,4,4,5,0,0,satisfied
287,57561,Female,Loyal Customer,44,Business travel,Business,1597,2,2,2,2,3,4,4,2,2,2,2,5,2,4,0,5,satisfied
288,124103,Female,Loyal Customer,66,Business travel,Business,2264,3,5,4,5,5,4,4,3,3,3,3,2,3,4,0,0,neutral or dissatisfied
289,125736,Female,Loyal Customer,30,Business travel,Eco Plus,814,5,5,5,5,5,5,5,5,3,2,1,2,3,5,0,0,satisfied
290,93362,Male,Loyal Customer,44,Personal Travel,Eco,1024,3,1,3,3,4,3,4,4,1,1,4,3,3,4,2,0,neutral or dissatisfied
291,95429,Female,Loyal Customer,53,Business travel,Business,3276,0,5,0,4,4,5,4,3,3,3,3,5,3,5,0,0,satisfied
292,106943,Female,Loyal Customer,37,Business travel,Business,2567,2,2,4,2,4,4,4,5,5,5,5,3,5,5,0,12,satisfied
293,100691,Female,Loyal Customer,39,Personal Travel,Eco,889,2,5,2,3,3,2,3,3,3,3,4,3,4,3,38,30,neutral or dissatisfied
294,119948,Male,disloyal Customer,29,Business travel,Business,1009,2,2,2,4,3,2,3,3,3,5,4,5,4,3,0,0,neutral or dissatisfied
295,15778,Male,Loyal Customer,38,Business travel,Eco,198,4,5,5,5,4,4,4,4,3,4,4,4,3,4,42,65,neutral or dissatisfied
296,68342,Male,Loyal Customer,59,Business travel,Business,1598,3,3,3,3,4,3,4,5,5,5,5,3,5,5,0,0,satisfied
297,24665,Male,Loyal Customer,19,Personal Travel,Eco,873,1,0,1,3,4,1,4,4,3,4,4,3,5,4,57,65,neutral or dissatisfied
298,81029,Female,Loyal Customer,39,Business travel,Business,1399,4,4,2,4,4,4,5,5,5,5,5,3,5,5,16,4,satisfied
299,70371,Male,Loyal Customer,22,Personal Travel,Eco,1145,3,5,3,1,4,3,4,4,5,2,4,5,5,4,0,10,neutral or dissatisfied
300,1386,Male,Loyal Customer,50,Personal Travel,Eco Plus,282,0,4,0,5,4,0,3,4,4,4,4,3,4,4,18,10,satisfied
301,35225,Male,Loyal Customer,22,Business travel,Eco,1076,5,1,1,1,5,5,5,5,3,1,2,2,1,5,47,62,satisfied
302,86204,Male,Loyal Customer,56,Business travel,Business,3927,4,4,4,4,5,5,5,4,4,4,4,4,4,4,0,1,satisfied
303,126370,Male,Loyal Customer,39,Personal Travel,Eco,507,3,5,4,2,4,4,4,4,5,5,4,3,5,4,0,0,neutral or dissatisfied
304,116184,Male,Loyal Customer,29,Personal Travel,Eco,325,4,3,4,4,5,4,5,5,2,5,4,3,4,5,0,0,satisfied
305,89613,Male,Loyal Customer,42,Business travel,Business,3404,5,5,5,5,3,5,4,5,5,5,5,3,5,3,8,0,satisfied
306,99020,Male,Loyal Customer,56,Business travel,Business,2387,4,4,4,4,2,5,4,3,3,4,3,4,3,3,33,21,satisfied
307,18463,Male,Loyal Customer,27,Business travel,Business,192,3,3,3,3,4,4,3,4,2,3,2,1,3,4,0,1,satisfied
308,96637,Female,disloyal Customer,21,Business travel,Eco,972,2,2,2,3,4,2,4,4,5,4,5,3,5,4,0,0,neutral or dissatisfied
309,114678,Female,Loyal Customer,42,Business travel,Business,362,1,1,1,1,4,5,4,5,5,4,5,4,5,5,0,17,satisfied
310,97639,Female,Loyal Customer,48,Business travel,Business,1587,1,1,1,1,5,4,5,4,4,4,4,4,4,3,60,68,satisfied
311,75061,Male,Loyal Customer,53,Business travel,Business,2611,4,5,4,4,4,3,5,4,4,4,4,3,4,4,0,0,satisfied
312,51744,Female,Loyal Customer,64,Personal Travel,Eco,651,4,5,4,4,2,4,4,2,2,4,2,3,2,5,0,0,neutral or dissatisfied
313,44413,Female,Loyal Customer,49,Personal Travel,Eco,342,3,4,3,2,4,4,4,4,4,3,4,3,4,5,0,0,neutral or dissatisfied
314,2389,Female,Loyal Customer,49,Business travel,Business,1625,5,5,5,5,4,4,4,5,5,5,5,4,5,5,0,4,satisfied
315,105062,Male,Loyal Customer,23,Personal Travel,Eco Plus,361,2,4,3,2,3,3,3,3,5,5,4,4,5,3,0,0,neutral or dissatisfied
316,91464,Male,Loyal Customer,50,Business travel,Business,3511,3,5,3,5,1,1,1,3,3,3,3,4,3,3,0,29,neutral or dissatisfied
317,55721,Male,Loyal Customer,51,Personal Travel,Eco Plus,927,1,4,1,3,2,1,5,2,3,5,4,4,4,2,0,0,neutral or dissatisfied
318,65726,Male,Loyal Customer,34,Business travel,Business,3666,4,4,4,4,5,4,5,5,5,5,5,3,5,3,0,0,satisfied
319,8473,Female,Loyal Customer,49,Business travel,Business,1187,1,1,1,1,3,5,4,3,3,3,3,4,3,3,33,40,satisfied
320,13488,Female,Loyal Customer,56,Business travel,Eco,106,5,2,2,2,4,1,2,5,5,5,5,4,5,3,11,4,satisfied
321,58611,Male,Loyal Customer,46,Business travel,Business,235,2,2,2,2,3,5,4,4,4,4,4,3,4,3,24,24,satisfied
322,39607,Male,Loyal Customer,25,Personal Travel,Eco,965,2,5,2,1,2,2,2,2,4,4,4,4,5,2,0,0,neutral or dissatisfied
323,41704,Female,Loyal Customer,68,Personal Travel,Eco Plus,936,3,4,3,1,4,4,5,5,5,3,5,4,5,4,0,0,neutral or dissatisfied
324,126579,Female,Loyal Customer,10,Personal Travel,Eco,1558,2,4,2,2,1,2,1,1,3,2,3,4,4,1,91,93,neutral or dissatisfied
325,44232,Female,Loyal Customer,44,Business travel,Eco,222,4,1,1,1,2,5,5,3,3,4,3,4,3,3,0,0,satisfied
326,44021,Male,Loyal Customer,61,Personal Travel,Business,680,4,4,4,1,3,4,4,1,1,4,2,4,1,3,2,0,neutral or dissatisfied
327,67502,Female,Loyal Customer,18,Personal Travel,Eco Plus,641,3,4,3,1,4,3,1,4,2,1,1,2,4,4,13,1,neutral or dissatisfied
328,19525,Female,Loyal Customer,58,Business travel,Business,3065,0,5,0,3,4,4,4,2,2,2,2,4,2,3,0,0,satisfied
329,110015,Female,Loyal Customer,58,Business travel,Business,3736,2,1,1,1,2,2,2,2,2,3,2,2,2,3,52,41,neutral or dissatisfied
330,30960,Male,Loyal Customer,64,Personal Travel,Eco,1024,4,4,4,2,4,4,4,4,3,2,5,5,4,4,12,5,neutral or dissatisfied
331,2153,Male,Loyal Customer,66,Personal Travel,Business,685,2,4,2,1,5,4,5,3,3,2,3,5,3,4,0,0,neutral or dissatisfied
332,115097,Female,disloyal Customer,21,Business travel,Business,296,4,0,4,4,4,4,5,4,4,3,5,4,4,4,19,12,satisfied
333,63204,Male,Loyal Customer,39,Business travel,Business,337,4,4,4,4,2,5,4,5,5,5,5,4,5,4,5,0,satisfied
334,113849,Male,Loyal Customer,50,Business travel,Business,1363,2,2,2,2,2,2,2,3,5,4,4,2,5,2,238,232,satisfied
335,95508,Female,Loyal Customer,43,Business travel,Eco Plus,189,1,2,2,2,4,3,3,1,1,1,1,4,1,2,13,11,neutral or dissatisfied
336,112350,Male,Loyal Customer,41,Business travel,Business,1620,4,4,4,4,4,5,5,2,2,2,2,5,2,5,7,0,satisfied
337,20650,Male,Loyal Customer,46,Business travel,Eco,552,4,4,4,4,4,4,4,4,3,3,2,2,3,4,4,0,satisfied
338,65517,Male,Loyal Customer,41,Business travel,Business,1616,4,4,4,4,5,5,5,4,4,5,4,3,4,5,2,6,satisfied
339,116988,Female,Loyal Customer,31,Business travel,Eco,646,3,4,5,5,3,3,3,3,1,5,4,4,3,3,0,0,neutral or dissatisfied
340,116210,Female,Loyal Customer,53,Personal Travel,Eco,404,4,4,4,4,5,4,5,3,3,4,5,5,3,5,21,13,neutral or dissatisfied
341,15218,Female,Loyal Customer,39,Business travel,Business,3601,2,2,2,2,4,5,2,4,4,4,4,1,4,3,0,0,satisfied
342,35387,Female,Loyal Customer,53,Business travel,Business,635,2,2,2,2,5,5,5,1,1,2,3,5,3,5,150,156,satisfied
343,20002,Male,Loyal Customer,25,Business travel,Eco,646,4,5,5,5,4,4,4,4,3,4,5,5,3,4,13,4,satisfied
344,102927,Female,disloyal Customer,20,Business travel,Eco,317,3,4,3,3,3,3,3,3,4,1,3,4,4,3,23,14,neutral or dissatisfied
345,92462,Male,disloyal Customer,46,Business travel,Eco,1892,3,3,3,3,2,3,2,2,3,4,4,4,3,2,0,0,neutral or dissatisfied
346,70950,Male,Loyal Customer,10,Personal Travel,Eco,612,3,4,2,3,1,2,1,1,2,5,3,5,3,1,0,0,neutral or dissatisfied
347,76034,Female,Loyal Customer,47,Business travel,Business,2609,3,3,3,3,5,4,5,4,4,4,4,5,4,5,0,0,satisfied
348,97177,Male,Loyal Customer,32,Personal Travel,Eco,1357,3,3,2,3,5,2,5,5,2,5,4,4,3,5,4,0,neutral or dissatisfied
349,51719,Female,Loyal Customer,14,Personal Travel,Eco,237,2,4,2,4,2,2,2,2,3,5,5,4,5,2,3,12,neutral or dissatisfied
350,129201,Female,Loyal Customer,16,Business travel,Business,2442,2,2,2,2,4,4,4,4,3,3,3,5,5,4,0,0,satisfied
351,35558,Female,Loyal Customer,53,Personal Travel,Eco,950,1,5,0,4,2,5,4,1,1,0,1,4,1,3,0,0,neutral or dissatisfied
352,109398,Male,Loyal Customer,55,Business travel,Business,2896,1,1,1,1,3,5,5,5,5,5,5,4,5,3,2,0,satisfied
353,65351,Female,Loyal Customer,28,Business travel,Business,1537,2,2,2,2,5,5,5,5,5,3,5,4,5,5,0,0,satisfied
354,102482,Female,Loyal Customer,49,Personal Travel,Eco,197,2,3,2,4,4,4,3,3,3,2,2,3,3,1,3,0,neutral or dissatisfied
355,17932,Male,Loyal Customer,54,Personal Travel,Eco Plus,789,1,4,1,3,1,1,1,1,4,3,5,5,5,1,0,0,neutral or dissatisfied
356,122276,Female,Loyal Customer,70,Personal Travel,Eco,541,3,4,3,4,4,5,4,5,5,3,3,5,5,5,0,0,neutral or dissatisfied
357,57484,Female,disloyal Customer,25,Business travel,Eco,782,2,2,2,4,1,2,1,1,3,4,4,4,3,1,9,19,neutral or dissatisfied
358,121069,Female,Loyal Customer,48,Business travel,Business,951,1,1,1,1,5,4,5,3,3,3,3,5,3,3,0,0,satisfied
359,41414,Male,Loyal Customer,7,Personal Travel,Eco,563,2,4,2,2,2,2,2,2,5,3,5,5,4,2,0,0,neutral or dissatisfied
360,49839,Male,Loyal Customer,39,Business travel,Eco,109,3,3,3,3,3,3,3,3,3,2,3,3,3,3,0,5,neutral or dissatisfied
361,48189,Male,Loyal Customer,79,Business travel,Eco,414,2,1,1,1,2,2,2,2,1,2,3,1,3,2,1,0,neutral or dissatisfied
362,82445,Female,disloyal Customer,28,Business travel,Business,502,4,4,4,3,5,4,5,5,4,3,5,3,5,5,0,0,neutral or dissatisfied
363,108108,Male,Loyal Customer,41,Business travel,Business,990,4,4,4,4,4,4,5,4,4,4,4,3,4,3,37,38,satisfied
364,63984,Female,disloyal Customer,27,Business travel,Eco Plus,1192,1,1,1,4,1,1,1,1,1,4,4,4,4,1,0,32,neutral or dissatisfied
365,105287,Female,Loyal Customer,59,Business travel,Business,2869,5,5,5,5,3,5,4,5,5,5,5,5,5,3,0,1,satisfied
366,9385,Female,Loyal Customer,21,Personal Travel,Eco,401,3,2,5,3,5,5,5,5,3,2,3,4,3,5,71,117,neutral or dissatisfied
367,25265,Male,Loyal Customer,48,Business travel,Eco,425,5,4,4,4,5,5,5,5,4,3,1,5,4,5,0,0,satisfied
368,119844,Male,Loyal Customer,53,Business travel,Eco,1095,3,5,5,5,3,3,3,3,1,1,3,3,4,3,0,0,neutral or dissatisfied
369,33840,Female,Loyal Customer,42,Business travel,Business,1609,2,4,1,4,2,2,3,2,2,2,2,2,2,1,12,0,neutral or dissatisfied
370,81815,Female,disloyal Customer,48,Business travel,Eco,1310,1,1,1,4,1,1,1,1,2,5,4,2,4,1,52,27,neutral or dissatisfied
371,83524,Male,Loyal Customer,59,Personal Travel,Eco,946,4,2,3,2,1,3,1,1,4,1,3,3,3,1,0,0,satisfied
372,78999,Female,Loyal Customer,53,Business travel,Business,3804,2,2,2,2,5,4,4,5,5,5,5,5,5,3,0,0,satisfied
373,46712,Male,Loyal Customer,24,Personal Travel,Eco,125,2,4,0,4,2,0,3,2,2,2,4,1,3,2,47,94,neutral or dissatisfied
374,41188,Male,Loyal Customer,56,Personal Travel,Eco,429,2,1,2,3,3,2,3,3,1,4,3,3,2,3,35,29,neutral or dissatisfied
375,5326,Female,Loyal Customer,42,Business travel,Business,3004,5,5,3,5,3,5,5,5,5,5,5,5,5,4,5,14,satisfied
376,80176,Female,disloyal Customer,24,Business travel,Eco,1455,2,2,2,3,2,4,4,2,4,4,1,4,3,4,0,0,neutral or dissatisfied
377,46900,Male,Loyal Customer,28,Business travel,Business,833,3,3,3,3,2,2,2,2,1,1,3,4,1,2,0,0,satisfied
378,89219,Female,Loyal Customer,17,Personal Travel,Eco,1892,1,1,1,2,1,1,2,1,2,4,2,2,3,1,0,0,neutral or dissatisfied
379,17928,Male,Loyal Customer,31,Business travel,Eco Plus,789,2,4,4,4,2,1,2,2,1,4,4,3,4,2,0,0,neutral or dissatisfied
380,55425,Male,Loyal Customer,60,Business travel,Business,2254,3,3,5,3,4,4,4,4,4,4,4,4,4,4,2,0,satisfied
381,88130,Male,disloyal Customer,39,Business travel,Business,444,4,4,4,3,1,4,1,1,5,2,5,4,5,1,12,16,satisfied
382,48354,Female,Loyal Customer,47,Business travel,Eco,522,4,5,5,5,3,2,1,4,4,4,4,2,4,2,40,26,satisfied
383,105905,Male,Loyal Customer,60,Business travel,Eco,283,3,4,4,4,3,3,3,3,2,2,4,2,4,3,20,16,neutral or dissatisfied
384,60943,Male,Loyal Customer,13,Business travel,Business,1529,5,5,3,5,4,4,4,4,4,4,5,3,5,4,0,0,satisfied
385,101584,Male,disloyal Customer,29,Business travel,Business,1099,1,1,1,2,3,1,5,3,1,4,2,1,2,3,51,51,neutral or dissatisfied
386,71388,Female,Loyal Customer,45,Business travel,Business,2580,5,5,5,5,2,4,4,5,5,5,5,5,5,5,0,0,satisfied
387,77866,Male,Loyal Customer,44,Business travel,Business,1262,1,1,3,1,3,5,5,4,4,4,4,5,4,4,0,0,satisfied
388,49223,Female,Loyal Customer,50,Business travel,Eco,109,5,1,1,1,4,5,1,5,5,5,5,3,5,2,0,11,satisfied
389,106530,Female,Loyal Customer,26,Personal Travel,Eco,271,3,0,3,5,5,3,5,5,4,3,5,5,4,5,100,93,neutral or dissatisfied
390,28676,Female,Loyal Customer,27,Business travel,Business,2777,5,5,5,5,5,5,5,5,4,1,3,3,2,5,2,0,satisfied
391,39553,Male,Loyal Customer,16,Business travel,Business,2865,2,2,2,2,5,5,5,5,3,2,3,4,5,5,2,0,satisfied
392,109597,Female,disloyal Customer,24,Business travel,Eco,920,4,4,4,4,3,4,3,3,4,3,4,4,3,3,0,0,neutral or dissatisfied
393,62291,Male,disloyal Customer,34,Business travel,Business,414,3,3,3,1,1,3,1,1,5,4,5,4,5,1,2,0,neutral or dissatisfied
394,40177,Female,Loyal Customer,30,Business travel,Business,2154,3,3,3,3,5,5,5,5,1,1,4,2,4,5,0,0,satisfied
395,33413,Male,Loyal Customer,50,Business travel,Eco,2349,4,3,3,3,4,4,4,4,1,2,4,3,4,4,0,0,satisfied
396,127599,Male,disloyal Customer,21,Business travel,Eco,1773,3,3,3,4,4,3,4,4,3,5,4,3,5,4,0,0,neutral or dissatisfied
397,66723,Male,Loyal Customer,61,Personal Travel,Eco,802,1,3,1,3,4,1,4,4,1,2,3,2,4,4,0,0,neutral or dissatisfied
398,73698,Female,Loyal Customer,32,Business travel,Business,192,3,2,2,2,3,3,3,3,4,5,3,4,3,3,0,0,neutral or dissatisfied
399,27641,Female,Loyal Customer,22,Personal Travel,Eco Plus,937,2,5,3,2,1,3,1,1,1,4,4,4,3,1,0,0,neutral or dissatisfied
400,83891,Male,Loyal Customer,46,Business travel,Business,1050,1,0,0,4,2,4,3,4,4,0,4,3,4,2,0,0,neutral or dissatisfied
401,51662,Female,disloyal Customer,15,Business travel,Eco,370,3,2,2,4,4,2,3,4,3,3,3,1,4,4,3,8,neutral or dissatisfied
402,19833,Female,Loyal Customer,29,Personal Travel,Eco,413,3,1,3,4,1,3,1,1,1,3,4,3,4,1,7,14,neutral or dissatisfied
403,63416,Female,Loyal Customer,12,Personal Travel,Eco,372,4,5,4,4,5,4,5,5,4,5,4,3,5,5,89,88,neutral or dissatisfied
404,7645,Male,disloyal Customer,50,Business travel,Business,641,2,2,2,3,1,2,1,1,3,2,5,4,5,1,7,17,neutral or dissatisfied
405,86002,Male,Loyal Customer,54,Business travel,Eco,528,2,3,1,3,2,2,2,2,1,4,3,2,2,2,0,0,neutral or dissatisfied
406,64457,Male,Loyal Customer,69,Personal Travel,Eco,989,1,4,1,1,5,1,5,5,3,2,4,4,5,5,6,3,neutral or dissatisfied
407,109551,Male,Loyal Customer,38,Personal Travel,Eco,920,1,2,1,3,3,1,3,3,2,4,4,2,4,3,0,0,neutral or dissatisfied
408,86553,Female,disloyal Customer,25,Business travel,Eco Plus,853,1,1,1,4,4,1,4,4,3,2,4,3,3,4,0,0,neutral or dissatisfied
409,17491,Male,Loyal Customer,26,Business travel,Eco,352,3,5,5,5,3,3,1,3,4,3,4,2,4,3,108,99,neutral or dissatisfied
410,114667,Female,Loyal Customer,53,Business travel,Business,2690,3,3,3,3,5,5,5,3,3,4,3,3,3,5,0,0,satisfied
411,59149,Male,Loyal Customer,47,Business travel,Business,1846,2,2,2,2,5,4,4,4,4,4,4,4,4,5,62,55,satisfied
412,74892,Male,Loyal Customer,42,Business travel,Business,2475,1,1,1,1,5,4,4,5,5,5,5,5,5,3,0,0,satisfied
413,15197,Male,disloyal Customer,19,Business travel,Eco,461,3,3,3,4,3,5,4,4,5,4,4,4,4,4,141,121,neutral or dissatisfied
414,6867,Male,Loyal Customer,63,Personal Travel,Eco,622,3,5,3,2,3,3,3,3,4,2,5,5,5,3,10,11,neutral or dissatisfied
415,111943,Male,disloyal Customer,18,Business travel,Eco,533,3,5,3,4,2,3,3,2,5,4,5,5,4,2,0,0,neutral or dissatisfied
416,46720,Male,Loyal Customer,52,Personal Travel,Eco,125,3,5,3,2,3,3,2,3,3,5,2,1,3,3,0,0,neutral or dissatisfied
417,67966,Male,Loyal Customer,60,Business travel,Eco Plus,1464,3,2,2,2,3,3,3,3,4,3,4,4,4,3,0,3,neutral or dissatisfied
418,33341,Male,Loyal Customer,38,Business travel,Business,2355,2,2,2,2,3,4,3,5,5,5,5,1,5,3,24,0,satisfied
419,50319,Male,Loyal Customer,41,Business travel,Eco,77,5,1,1,1,5,5,5,5,2,2,2,1,2,5,0,0,satisfied
420,82927,Male,Loyal Customer,41,Business travel,Business,2563,2,2,2,2,3,5,4,3,3,4,3,3,3,3,0,0,satisfied
421,14562,Female,disloyal Customer,15,Business travel,Eco,986,2,2,2,5,1,2,1,1,5,5,5,5,4,1,0,6,neutral or dissatisfied
422,108335,Female,Loyal Customer,49,Business travel,Eco,1750,1,5,5,5,1,1,1,4,2,2,4,1,2,1,132,117,neutral or dissatisfied
423,97959,Male,Loyal Customer,18,Personal Travel,Eco,793,4,4,4,5,3,4,4,3,3,4,5,4,4,3,91,71,satisfied
424,1026,Female,Loyal Customer,39,Business travel,Eco,229,5,5,5,5,5,5,5,5,2,3,5,3,2,5,0,0,satisfied
425,26910,Female,Loyal Customer,25,Business travel,Business,1874,2,3,1,1,2,2,2,2,2,2,4,4,5,2,0,0,neutral or dissatisfied
426,14054,Male,disloyal Customer,28,Business travel,Business,319,5,5,5,3,4,5,5,4,5,4,4,3,4,4,0,0,satisfied
427,109458,Female,Loyal Customer,37,Business travel,Business,2571,3,3,3,3,5,4,5,5,5,5,5,4,5,5,0,0,satisfied
428,51772,Female,Loyal Customer,31,Personal Travel,Eco,261,3,4,3,4,3,3,3,3,1,5,4,2,4,3,87,75,neutral or dissatisfied
429,15019,Female,Loyal Customer,32,Personal Travel,Eco,557,3,4,3,3,3,3,3,3,5,3,4,4,5,3,81,63,neutral or dissatisfied
430,23664,Female,disloyal Customer,25,Business travel,Eco,196,2,4,2,4,5,2,5,5,5,4,5,5,1,5,0,5,neutral or dissatisfied
431,6731,Male,Loyal Customer,55,Business travel,Business,3934,3,3,3,3,5,5,5,4,4,4,4,4,4,3,0,0,satisfied
432,57753,Male,Loyal Customer,51,Business travel,Business,2704,4,4,4,4,5,5,5,3,4,3,4,5,4,5,60,75,satisfied
433,29788,Female,Loyal Customer,40,Business travel,Business,2334,0,4,1,2,4,1,3,5,5,5,5,3,5,2,0,0,satisfied
434,28336,Male,Loyal Customer,25,Business travel,Business,3848,1,2,1,1,4,4,4,4,1,5,2,1,2,4,0,0,satisfied
435,2878,Female,Loyal Customer,70,Personal Travel,Eco,409,3,5,3,3,2,4,5,5,5,3,1,3,5,3,0,14,neutral or dissatisfied
436,81675,Female,Loyal Customer,55,Business travel,Eco,907,2,3,3,3,4,4,3,2,2,2,2,1,2,3,19,11,neutral or dissatisfied
437,50905,Male,Loyal Customer,53,Personal Travel,Eco,262,1,5,1,1,5,1,5,5,3,1,1,3,1,5,70,55,neutral or dissatisfied
438,90850,Male,Loyal Customer,73,Business travel,Business,2141,1,1,1,1,3,4,3,2,2,2,1,3,2,4,0,0,neutral or dissatisfied
439,29340,Female,Loyal Customer,32,Business travel,Eco Plus,859,0,0,0,3,3,0,2,3,3,3,4,5,4,3,0,0,satisfied
440,68731,Male,Loyal Customer,30,Personal Travel,Eco Plus,237,1,1,1,2,4,1,5,4,1,4,3,4,3,4,0,0,neutral or dissatisfied
441,115978,Male,Loyal Customer,19,Personal Travel,Eco,308,1,4,4,3,5,4,5,5,4,5,5,3,4,5,91,92,neutral or dissatisfied
442,29829,Male,Loyal Customer,33,Business travel,Business,3679,2,2,2,2,5,5,5,5,3,3,5,2,2,5,0,0,satisfied
443,82401,Female,Loyal Customer,13,Personal Travel,Eco,501,3,4,3,4,2,3,2,2,4,3,5,4,4,2,0,0,neutral or dissatisfied
444,80083,Male,Loyal Customer,53,Business travel,Eco Plus,550,3,4,4,4,3,3,3,3,5,1,3,4,3,3,0,0,satisfied
445,42783,Female,disloyal Customer,31,Business travel,Eco,1118,1,1,1,4,2,1,2,2,3,5,4,4,4,2,0,20,neutral or dissatisfied
446,39020,Male,Loyal Customer,62,Business travel,Business,3179,1,1,1,1,4,3,4,4,4,4,4,4,4,4,0,0,satisfied
447,46111,Male,Loyal Customer,29,Personal Travel,Eco,1085,4,4,3,5,2,3,2,2,4,5,4,3,5,2,8,11,neutral or dissatisfied
448,66327,Male,Loyal Customer,57,Business travel,Business,2807,1,1,1,1,2,4,4,5,5,5,5,4,5,4,0,7,satisfied
449,43012,Male,Loyal Customer,34,Business travel,Business,3802,0,0,0,4,3,4,1,2,2,2,2,2,2,2,0,0,satisfied
450,82776,Male,disloyal Customer,45,Business travel,Eco,926,3,3,3,4,5,3,2,5,3,2,3,4,4,5,26,44,neutral or dissatisfied
451,48215,Female,Loyal Customer,65,Personal Travel,Eco,192,1,2,1,3,5,4,3,2,2,1,2,2,2,3,0,0,neutral or dissatisfied
452,57441,Female,Loyal Customer,48,Business travel,Business,235,2,5,5,5,2,4,3,2,2,2,2,3,2,4,0,0,neutral or dissatisfied
453,55928,Female,Loyal Customer,8,Personal Travel,Eco,733,4,2,4,2,3,4,3,3,1,1,1,4,2,3,0,0,neutral or dissatisfied
454,98446,Male,Loyal Customer,36,Personal Travel,Eco,814,1,0,1,2,5,1,5,5,4,5,5,1,5,5,32,12,neutral or dissatisfied
455,121273,Female,Loyal Customer,48,Business travel,Business,2075,4,4,4,4,3,4,4,4,4,4,4,3,4,4,0,0,satisfied
456,59385,Female,Loyal Customer,10,Personal Travel,Eco,2338,3,4,3,3,5,3,5,5,3,2,4,5,5,5,1,0,neutral or dissatisfied
457,27078,Male,disloyal Customer,24,Business travel,Eco,834,4,4,4,4,5,4,5,5,1,2,5,3,1,5,14,0,satisfied
458,104661,Male,Loyal Customer,52,Business travel,Business,1778,4,4,4,4,2,5,4,3,3,3,3,5,3,5,4,7,satisfied
459,111483,Male,disloyal Customer,43,Business travel,Eco,1052,3,4,4,3,4,4,4,4,3,3,2,3,1,4,0,0,neutral or dissatisfied
460,11558,Female,Loyal Customer,21,Business travel,Business,657,2,2,2,2,5,5,5,5,5,2,4,5,4,5,6,0,satisfied
461,83673,Female,disloyal Customer,24,Business travel,Eco,577,3,3,3,3,2,3,2,2,2,3,3,4,2,2,0,0,neutral or dissatisfied
462,120382,Male,disloyal Customer,40,Business travel,Business,449,4,4,4,2,3,4,3,3,5,4,4,4,4,3,4,0,satisfied
463,82170,Female,Loyal Customer,8,Personal Travel,Eco,237,1,5,1,1,2,1,3,2,5,2,4,3,4,2,0,0,neutral or dissatisfied
464,117397,Female,Loyal Customer,40,Business travel,Business,544,4,4,4,4,4,4,4,4,4,4,4,4,4,5,0,0,satisfied
465,59357,Male,Loyal Customer,41,Business travel,Business,2556,4,4,4,4,4,3,4,5,5,5,5,4,5,4,0,0,satisfied
466,91983,Female,Loyal Customer,67,Personal Travel,Eco Plus,2475,4,4,4,4,3,3,4,5,5,4,5,4,5,4,0,0,neutral or dissatisfied
467,119617,Male,Loyal Customer,40,Business travel,Business,3034,2,2,3,2,4,5,5,4,4,4,4,4,4,4,8,28,satisfied
468,90639,Female,Loyal Customer,51,Business travel,Business,366,1,1,1,1,3,4,4,4,4,5,4,5,4,4,0,0,satisfied
469,59638,Female,Loyal Customer,59,Business travel,Business,956,2,1,1,1,5,3,3,2,2,2,2,4,2,1,1,13,neutral or dissatisfied
470,119074,Male,Loyal Customer,29,Business travel,Business,2218,3,3,2,3,3,3,3,3,4,3,5,4,4,3,0,0,satisfied
471,13395,Male,Loyal Customer,70,Personal Travel,Eco,456,0,1,0,4,4,0,4,4,1,4,4,4,4,4,19,45,satisfied
472,108871,Male,Loyal Customer,12,Personal Travel,Eco Plus,1892,4,1,4,2,5,4,5,5,2,3,2,1,2,5,28,45,neutral or dissatisfied
473,104029,Male,disloyal Customer,26,Business travel,Business,1262,0,0,0,3,4,0,3,4,4,2,4,5,4,4,9,0,satisfied
474,12025,Male,Loyal Customer,41,Business travel,Business,3423,3,3,3,3,4,2,4,5,5,5,5,4,5,1,0,0,satisfied
475,42755,Male,Loyal Customer,60,Business travel,Business,493,4,4,4,4,2,4,5,3,3,3,3,3,3,3,0,0,satisfied
476,32936,Male,Loyal Customer,39,Personal Travel,Eco,163,3,5,3,1,1,3,1,1,4,2,5,3,4,1,0,0,neutral or dissatisfied
477,53978,Female,Loyal Customer,68,Personal Travel,Eco,1117,3,2,3,3,3,3,3,5,5,3,5,2,5,4,7,0,neutral or dissatisfied
478,70029,Male,Loyal Customer,32,Business travel,Business,2187,2,2,2,2,3,4,3,3,4,4,4,4,4,3,0,0,satisfied
479,96407,Male,Loyal Customer,18,Personal Travel,Eco,1342,3,4,4,2,3,4,3,3,4,3,3,5,5,3,0,0,neutral or dissatisfied
480,127129,Male,Loyal Customer,15,Personal Travel,Eco,304,3,5,3,2,2,3,1,2,3,5,4,5,4,2,0,0,neutral or dissatisfied
481,113946,Female,Loyal Customer,43,Business travel,Business,1750,1,3,1,1,5,5,4,4,4,4,4,4,4,5,0,7,satisfied
482,40606,Male,Loyal Customer,49,Personal Travel,Eco,216,3,4,0,3,3,0,3,3,4,5,3,4,4,3,0,0,neutral or dissatisfied
483,7742,Male,Loyal Customer,25,Personal Travel,Eco,489,3,3,3,2,3,3,5,3,4,1,5,2,4,3,8,14,neutral or dissatisfied
484,128529,Female,Loyal Customer,50,Personal Travel,Eco,370,2,1,2,3,1,4,3,4,4,2,4,1,4,3,0,0,neutral or dissatisfied
485,80556,Female,Loyal Customer,39,Business travel,Business,1747,2,2,2,2,4,4,4,3,4,5,4,4,4,4,132,123,satisfied
486,22155,Female,Loyal Customer,33,Business travel,Business,773,2,2,2,2,4,4,4,2,3,2,2,4,1,4,140,129,satisfied
487,56314,Male,Loyal Customer,17,Personal Travel,Business,200,3,1,3,4,2,3,2,2,4,1,3,4,3,2,40,27,neutral or dissatisfied
488,82206,Male,Loyal Customer,41,Business travel,Business,405,1,1,1,1,3,4,5,1,1,2,1,3,1,4,0,5,satisfied
489,68344,Male,Loyal Customer,31,Business travel,Business,1598,5,5,5,5,4,4,4,4,3,4,5,5,4,4,0,0,satisfied
490,18464,Female,disloyal Customer,39,Business travel,Business,201,4,3,3,4,1,3,1,1,2,5,5,3,1,1,0,0,satisfied
491,129310,Male,Loyal Customer,64,Business travel,Business,2475,3,3,3,3,2,4,5,5,5,5,5,3,5,3,4,0,satisfied
492,8558,Female,Loyal Customer,30,Business travel,Business,2657,4,5,4,5,1,1,4,1,3,1,4,3,3,1,8,7,neutral or dissatisfied
493,24839,Male,Loyal Customer,29,Personal Travel,Eco,861,1,1,1,4,4,1,4,4,4,2,4,2,4,4,0,0,neutral or dissatisfied
494,10735,Male,Loyal Customer,74,Business travel,Eco,134,2,5,5,5,2,2,2,2,4,2,3,2,2,2,43,41,neutral or dissatisfied
495,51644,Female,Loyal Customer,36,Business travel,Eco,455,3,1,1,1,3,3,3,3,4,4,3,4,3,3,0,0,neutral or dissatisfied
496,129771,Male,Loyal Customer,16,Personal Travel,Eco,308,3,4,3,3,1,3,5,1,4,2,5,5,4,1,2,0,neutral or dissatisfied
497,5412,Female,Loyal Customer,54,Business travel,Business,812,4,4,4,4,4,5,4,4,4,4,4,3,4,5,0,0,satisfied
498,98444,Female,disloyal Customer,38,Business travel,Eco,414,3,0,3,4,3,3,3,3,1,4,5,1,1,3,17,2,neutral or dissatisfied
499,108010,Male,disloyal Customer,20,Business travel,Business,271,0,0,0,1,1,0,1,1,5,4,4,4,4,1,0,0,satisfied
500,92145,Female,Loyal Customer,46,Business travel,Business,1522,3,2,3,3,3,5,4,4,4,4,4,3,4,5,0,0,satisfied